{"cameraMode":{"drawMode":0,"name":"Shaded","section":"Shading Mode"},"sceneLighting":false,"audioPlay":false,"sceneViewState":{"showFog":true,"showMaterialUpdate":false,"showSkybox":false,"showFlares":true,"showImageEffects":true,"showParticleSystems":true},"in2DMode":false,"pivot":{"x":0.16200006008148194,"y":8.491044998168946,"z":-69.97354125976563},"rotation":{"x":0.08987908065319061,"y":0.007173257414251566,"z":-0.0006476910202763975,"w":0.9959266781806946},"size":3.570646047592163,"orthographic":false}