{"cameraMode":{"drawMode":0,"name":"Shaded","section":"Shading Mode"},"sceneLighting":true,"audioPlay":false,"sceneViewState":{"showFog":true,"showMaterialUpdate":false,"showSkybox":true,"showFlares":true,"showImageEffects":true,"showParticleSystems":true},"in2DMode":false,"pivot":{"x":170.65786743164063,"y":199.089599609375,"z":0.31185483932495119},"rotation":{"x":0.08987908065319061,"y":0.007173257414251566,"z":-0.0006476910202763975,"w":0.9959266781806946},"size":545.25927734375,"orthographic":false}